XSL_id,source_id,phot_g_mean_mag,phot_bp_mean_mag,phot_rp_mean_mag,bp_rp,phot_variable_flag,non_single_star,has_xp_continuous,phot_bp_n_obs,phot_rp_n_obs,namecsv,SIMBAD,bestfitFLAG,ratioR,chiT,chiTadj,rchi2,rchi2adj,rchi2Badj,rchi2Radj
X0007,2804091414920169344,  8.3878632,  8.7909298,  7.8017960,  0.9891338,NOT_AVAILABLE,      0,true, 34, 37,xsl_spectrum_X0007.csv,OK,  0,   1.02,   0.04,   0.03,   1.40,   1.14,   1.24,   1.07
X0024,2527043140743265664,  9.9367247, 10.0378218,  9.7242565,  0.3135653,NOT_AVAILABLE,      0,true, 52, 52,xsl_spectrum_X0024.csv,OK,  0,   3.88,   0.75,   0.04,  97.11,   1.38,   1.65,   1.16
X0065,5171417602530766976,  9.6433973,  9.8832197,  9.2328825,  0.6503372,NOT_AVAILABLE,      0,true, 45, 44,xsl_spectrum_X0065.csv,BIN_planet,  0,   0.99,   0.02,   0.02,   1.68,   1.31,   1.60,   1.07
X0072,52624073910834176,  9.0934954,  9.3338442,  8.6768522,  0.6569920,NOT_AVAILABLE,      0,true, 50, 51,xsl_spectrum_X0072.csv,OK,  1,   1.00,   0.02,   0.02,   1.24,   1.15,   1.35,   0.99
X0074,3282524177258336512,  5.6662173,  5.6923218,  5.5888138,  0.1035080,NOT_AVAILABLE,      0,true, 62, 56,xsl_spectrum_X0074.csv,OK,  0,   1.04,   0.04,   0.05,   3.12,   2.37,   3.12,   1.64
X0075,219057458247921536,  8.2321091,  8.6972532,  7.5901484,  1.1071048,NOT_AVAILABLE,      0,true, 51, 47,xsl_spectrum_X0075.csv,OK,  0,   1.05,   0.05,   0.02,   2.51,   0.85,   0.90,   0.82
X0077,2593188145361730432,  7.9686813,  8.5332861,  7.2408996,  1.2923865,NOT_AVAILABLE,      0,true, 36, 33,xsl_spectrum_X0077.csv,OK,  0,   1.05,   0.04,   0.02,   2.95,   1.17,   1.17,   1.17
X0089,4646981136249320832,  6.3951731,  6.7532153,  5.8505230,  0.9026923,NOT_AVAILABLE,      0,true, 27, 25,xsl_spectrum_X0089.csv,OK,  0,   1.07,   0.06,   0.02,   3.02,   1.04,   1.40,   0.68
X0092,2593188145361730432,  7.9686813,  8.5332861,  7.2408996,  1.2923865,NOT_AVAILABLE,      0,true, 36, 33,xsl_spectrum_X0092.csv,OK,  0,   1.08,   0.07,   0.02,   4.72,   1.15,   1.13,   1.17
X0122,2993364748147267456,  7.7826772,  8.2469587,  7.1363554,  1.1106033,NOT_AVAILABLE,      0,true, 73, 75,xsl_spectrum_X0122.csv,ChP,  0,   1.10,   0.10,   0.02,   6.73,   1.11,   1.14,   1.09
X0137,6734732303270177024, 14.4023829, 15.1144781, 13.5837622,  1.5307159,NOT_AVAILABLE,      0,true, 22, 21,xsl_spectrum_X0137.csv,OK,  0,   1.53,   0.34,   0.03,   9.76,   0.60,   0.41,   0.71
X0138,6734782399770915200, 14.2541056, 14.8634348, 13.5046949,  1.3587399,NOT_AVAILABLE,      0,true, 23, 24,xsl_spectrum_X0138.csv,OK,  0,   0.95,   0.07,   0.03,   1.21,   0.52,   0.46,   0.57
X0140,4387079367952007168,  6.8062816,  7.1006455,  6.3318672,  0.7687783,NOT_AVAILABLE,      0,true, 59, 61,xsl_spectrum_X0140.csv,OK,  0,   1.49,   0.31,   0.03,  21.86,   1.13,   1.01,   1.22
X0141,4494267870326116864,  5.9759631,  6.2695909,  5.5079093,  0.7616816,NOT_AVAILABLE,      0,true, 35, 36,xsl_spectrum_X0141.csv,OK,  0,   1.74,   0.41,   0.03,  36.96,   1.46,   1.80,   1.18
X0143,4164893700353983104,  9.4353056,  9.8281040,  8.8505011,  0.9776030,NOT_AVAILABLE,      0,true, 41, 41,xsl_spectrum_X0143.csv,OK,  0,   1.20,   0.16,   0.02,  16.17,   1.50,   1.66,   1.38
X0151,6734635821123930368, 14.2358551, 14.7065020, 13.5089607,  1.1975412,NOT_AVAILABLE,      0,true, 22, 21,xsl_spectrum_X0151.csv,OK,  0,   1.07,   0.06,   0.03,   1.62,   0.74,   0.57,   0.84
X0152,4050203741234555392, 15.3861895, 16.3303280, 14.3951817,  1.9351463,NOT_AVAILABLE,      0,true, 24, 24,xsl_spectrum_X0152.csv,CRO,  0,   1.07,   0.07,   0.05,   0.81,   0.57,   0.65,   0.50
X0157,4165370682239910144, 10.3521261, 10.7023735,  9.8135071,  0.8888664,NOT_AVAILABLE,      0,true, 57, 56,xsl_spectrum_X0157.csv,OK,  0,   1.10,   0.09,   0.02,   7.93,   1.30,   1.46,   1.18
X0162,4285492327595742080,  7.2997394,  8.1641293,  6.3884282,  1.7757010,NOT_AVAILABLE,      0,true, 22, 21,xsl_spectrum_X0162.csv,OK,  0,   1.20,   0.16,   0.03,   2.65,   0.49,   0.46,   0.51
X0164,4279028985902356096,  7.6621299,  7.7856331,  7.4259019,  0.3597312,NOT_AVAILABLE,      0,true, 26, 25,xsl_spectrum_X0164.csv,VAR,  0,   1.18,   0.15,   0.03,   7.94,   1.40,   1.75,   1.10
X0170,4050202886598183168, 14.3780985, 15.3410769, 13.4010124,  1.9400644,NOT_AVAILABLE,      0,true, 29, 29,xsl_spectrum_X0170.csv,CRO,  0,   1.10,   0.09,   0.03,   2.32,   0.67,   0.62,   0.70
X0171,6734635821123930368, 14.2358551, 14.7065020, 13.5089607,  1.1975412,NOT_AVAILABLE,      0,true, 22, 21,xsl_spectrum_X0171.csv,OK,  0,   1.04,   0.04,   0.03,   0.97,   0.83,   0.81,   0.85
X0175,1850440690450639232,  7.9978223,  8.2114859,  7.6224837,  0.5890021,NOT_AVAILABLE,      0,true, 55, 56,xsl_spectrum_X0175.csv,OK,  0,   0.98,   0.05,   0.03,   2.67,   1.32,   1.66,   1.01
X0176,1800518563283501440,  9.9238825, 10.1837902,  9.4893475,  0.6944427,NOT_AVAILABLE,      0,true, 45, 48,xsl_spectrum_X0176.csv,OK,  0,   0.99,   0.03,   0.02,   2.33,   1.32,   1.38,   1.28
X0177,6916198691587462272,  7.7473793,  8.1556759,  7.1610155,  0.9946604,NOT_AVAILABLE,      0,true, 30, 30,xsl_spectrum_X0177.csv,OK,  1,   1.00,   0.03,   0.03,   0.66,   0.59,   0.61,   0.58
X0178,2688034762857131136,  6.4260726,  6.4951463,  6.2685266,  0.2266197,NOT_AVAILABLE,      0,true, 41, 35,xsl_spectrum_X0178.csv,OK,  0,   0.98,   0.07,   0.05,   4.37,   2.39,   3.45,   1.15
X0179,2699301565882761344,  8.3453941,  8.6410294,  7.8720226,  0.7690067,NOT_AVAILABLE,      0,true, 43, 38,xsl_spectrum_X0179.csv,OK,  1,   1.00,   0.02,   0.02,   1.09,   0.97,   1.09,   0.88
X0195,6905364821265383424,  6.0476255,  6.5087433,  5.4141927,  1.0945506,NOT_AVAILABLE,      0,true, 26, 25,xsl_spectrum_X0195.csv,OK,  1,   0.99,   0.04,   0.03,   0.79,   0.59,   0.61,   0.58
X0196,4246840611198113024,  6.7431183,  6.7294226,  6.7277803,  0.0016422,NOT_AVAILABLE,      0,true, 39, 35,xsl_spectrum_X0196.csv,OK,  1,   1.00,   0.06,   0.04,   2.96,   2.21,   2.93,   1.51
X0197,1841916486040590080,  7.8318610,  8.3630161,  7.1463752,  1.2166409,NOT_AVAILABLE,      1,true, 50, 44,xsl_spectrum_X0197.csv,BIN,  0,   1.02,   0.03,   0.03,   0.96,   0.85,   1.04,   0.67
X0198,1848170611255790848, 10.3607960, 10.6477547,  9.8967352,  0.7510195,NOT_AVAILABLE,      0,true, 55, 55,xsl_spectrum_X0198.csv,OK,  0,   0.98,   0.03,   0.01,   3.04,   1.14,   1.19,   1.11
X0199,4231133434759619200,  6.1950116,  6.1439528,  6.2488661, -0.1049132,NOT_AVAILABLE,      0,true, 34, 31,xsl_spectrum_X0199.csv,OK,  0,   0.99,   0.07,   0.05,   3.58,   2.25,   3.12,   1.33
X0200,6858374206854249728,  8.0958214,  8.3598843,  7.6571422,  0.7027421,NOT_AVAILABLE,      0,true, 42, 42,xsl_spectrum_X0200.csv,OK,  1,   1.00,   0.03,   0.02,   1.54,   1.21,   1.44,   1.01
X0206,4651961099314703232, 16.4604988, 17.2282257, 15.6045551,  1.6236706,NOT_AVAILABLE,      0,true, 34, 31,xsl_spectrum_X0206.csv,OK,  0,   0.95,   0.09,   0.06,   1.30,   0.86,   0.63,   1.00
X0207,4308878561939677824,  6.6788869,  7.3205271,  5.9069552,  1.4135718,NOT_AVAILABLE,      0,true, 23, 21,xsl_spectrum_X0207.csv,OK,  1,   0.99,   0.05,   0.04,   0.63,   0.51,   0.55,   0.48
X0211,1820374029621976704,  7.4221702,  7.8913832,  6.7703428,  1.1210403,NOT_AVAILABLE,      0,true, 51, 44,xsl_spectrum_X0211.csv,OK,  1,   1.00,   0.03,   0.03,   0.55,   0.46,   0.48,   0.45
X0212,1833199729671740800,  7.0359473,  7.4702172,  6.4251809,  1.0450363,NOT_AVAILABLE,      0,true, 59, 55,xsl_spectrum_X0212.csv,OK,  1,   0.99,   0.03,   0.03,   1.24,   0.87,   0.84,   0.89
X0213,1833577819925426944,  8.7393789,  9.0157137,  8.2747326,  0.7409811,NOT_AVAILABLE,      0,true, 58, 58,xsl_spectrum_X0213.csv,OK,  0,   0.99,   0.03,   0.02,   2.43,   1.37,   1.61,   1.17
X0220,4279028985902356096,  7.6621299,  7.7856331,  7.4259019,  0.3597312,NOT_AVAILABLE,      0,true, 26, 25,xsl_spectrum_X0220.csv,VAR,  0,   0.98,   0.05,   0.04,   2.71,   1.51,   1.94,   1.12
X0222,4268663477469514496,  7.5293450,  7.7904000,  7.1050415,  0.6853585,NOT_AVAILABLE,      0,true, 19, 21,xsl_spectrum_X0222.csv,OK,  0,   0.98,   0.05,   0.03,   1.53,   0.86,   0.89,   0.83
X0223,2658240166703766016, 10.0837107, 10.3383007,  9.6585245,  0.6797762,NOT_AVAILABLE,      0,true, 29, 28,xsl_spectrum_X0223.csv,OK,  0,   0.98,   0.03,   0.02,   2.67,   1.37,   1.51,   1.25
X0225,4565784161044390656, 11.0994158, 11.4012499, 10.6217508,  0.7794991,NOT_AVAILABLE,      0,true, 75, 77,xsl_spectrum_X0225.csv,OK,  0,   1.14,   0.14,   0.03,  10.10,   1.41,   1.64,   1.24
X0228,4474806789394684544,  6.7492151,  6.8025327,  6.6125889,  0.1899438,NOT_AVAILABLE,      0,true, 37, 32,xsl_spectrum_X0228.csv,VAR,  0,   1.01,   0.05,   0.05,   1.51,   1.42,   1.62,   1.27
X0238,4651957216664541184, 16.5329704, 17.3100471, 15.6769190,  1.6331282,NOT_AVAILABLE,      0,true, 38, 36,xsl_spectrum_X0238.csv,OK,  0,   0.99,   0.05,   0.05,   0.70,   0.67,   0.45,   0.79
X0243,1172688357148006912,  8.7203655,  8.7002077,  8.7253046, -0.0250969,NOT_AVAILABLE,      0,true, 22, 21,xsl_spectrum_X0243.csv,OK,  0,   1.05,   0.05,   0.04,   2.50,   2.39,   3.27,   1.51
X0245,4358758216162768000,  6.2161741,  6.2453284,  6.1230211,  0.1223073,NOT_AVAILABLE,      0,true, 25, 21,xsl_spectrum_X0245.csv,OK,  0,   1.06,   0.04,   0.05,   2.39,   1.97,   2.73,   1.14
X0249,1833199729671740800,  7.0359473,  7.4702172,  6.4251809,  1.0450363,NOT_AVAILABLE,      0,true, 59, 55,xsl_spectrum_X0249.csv,OK,  0,   1.05,   0.04,   0.04,   1.75,   1.07,   1.26,   0.92
X0268,1820374029621976704,  7.4221702,  7.8913832,  6.7703428,  1.1210403,NOT_AVAILABLE,      0,true, 51, 44,xsl_spectrum_X0268.csv,OK,  0,   1.07,   0.05,   0.03,   1.18,   0.54,   0.53,   0.54
X0269,4468813931327385600,  6.5956593,  6.9269309,  6.0579028,  0.8690281,NOT_AVAILABLE,      0,true, 28, 27,xsl_spectrum_X0269.csv,DMS,  0,   1.11,   0.07,   0.04,   2.46,   0.88,   1.13,   0.65
X0270,4474747621924408320,  6.2562070,  6.2519078,  6.2146378,  0.0372701,NOT_AVAILABLE,      0,true, 51, 44,xsl_spectrum_X0270.csv,OK,  0,   1.16,   0.10,   0.05,   9.64,   2.68,   3.71,   1.60
X0272,4308878561939677824,  6.6788869,  7.3205271,  5.9069552,  1.4135718,NOT_AVAILABLE,      0,true, 23, 21,xsl_spectrum_X0272.csv,OK,  0,   1.07,   0.06,   0.03,   1.09,   0.49,   0.50,   0.49
X0274,1841916486040590080,  7.8318610,  8.3630161,  7.1463752,  1.2166409,NOT_AVAILABLE,      1,true, 50, 44,xsl_spectrum_X0274.csv,BIN,  0,   1.22,   0.17,   0.03,   7.27,   0.82,   0.75,   0.87
X0275,2699301565882761344,  8.3453941,  8.6410294,  7.8720226,  0.7690067,NOT_AVAILABLE,      0,true, 43, 38,xsl_spectrum_X0275.csv,OK,  0,   1.20,   0.18,   0.03,  10.60,   1.10,   0.90,   1.23
X0276,1850440690450639232,  7.9978223,  8.2114859,  7.6224837,  0.5890021,NOT_AVAILABLE,      0,true, 55, 56,xsl_spectrum_X0276.csv,OK,  0,   1.45,   0.34,   0.05,  23.60,   1.67,   1.75,   1.63
X0283,4279028985902356096,  7.6621299,  7.7856331,  7.4259019,  0.3597312,NOT_AVAILABLE,      0,true, 26, 25,xsl_spectrum_X0283.csv,VAR,  0,   1.15,   0.12,   0.03,   6.18,   1.38,   1.67,   1.14
X0285,3320346999297121536,  7.1484261,  7.2206807,  6.9911551,  0.2295256,NOT_AVAILABLE,      0,true, 47, 44,xsl_spectrum_X0285.csv,OK,  0,   1.50,   0.31,   0.05,  23.71,   1.74,   2.33,   1.17
X0287,5504529287416164992,  6.7886977,  7.0279250,  6.3844395,  0.6434855,NOT_AVAILABLE,      0,true, 34, 32,xsl_spectrum_X0287.csv,OK,  0,   1.01,   0.03,   0.04,   0.73,   0.82,   1.08,   0.59
X0288,4246840611198113024,  6.7431183,  6.7294226,  6.7277803,  0.0016422,NOT_AVAILABLE,      0,true, 39, 35,xsl_spectrum_X0288.csv,OK,  0,   1.04,   0.04,   0.05,   2.04,   2.15,   2.86,   1.46
X0289,4231133434759619200,  6.1950116,  6.1439528,  6.2488661, -0.1049132,NOT_AVAILABLE,      0,true, 34, 31,xsl_spectrum_X0289.csv,OK,  0,   1.03,   0.04,   0.05,   2.04,   2.17,   3.02,   1.27
X0290,6858374206854249728,  8.0958214,  8.3598843,  7.6571422,  0.7027421,NOT_AVAILABLE,      0,true, 42, 42,xsl_spectrum_X0290.csv,OK,  0,   1.05,   0.04,   0.02,   2.83,   1.37,   1.66,   1.13
X0291,2688034762857131136,  6.4260726,  6.4951463,  6.2685266,  0.2266197,NOT_AVAILABLE,      0,true, 41, 35,xsl_spectrum_X0291.csv,OK,  0,   1.03,   0.04,   0.05,   1.99,   2.24,   3.21,   1.16
X0292,6916198691587462272,  7.7473793,  8.1556759,  7.1610155,  0.9946604,NOT_AVAILABLE,      0,true, 30, 30,xsl_spectrum_X0292.csv,OK,  0,   1.02,   0.04,   0.04,   0.75,   0.74,   0.79,   0.71
X0295,4268663477469514496,  7.5293450,  7.7904000,  7.1050415,  0.6853585,NOT_AVAILABLE,      0,true, 19, 21,xsl_spectrum_X0295.csv,OK,  0,   1.06,   0.04,   0.04,   1.85,   0.89,   0.95,   0.85
X0297,6905364821265383424,  6.0476255,  6.5087433,  5.4141927,  1.0945506,NOT_AVAILABLE,      0,true, 26, 25,xsl_spectrum_X0297.csv,OK,  0,   1.03,   0.03,   0.03,   0.77,   0.62,   0.62,   0.61
X0313,49415527182759296,  5.4806013,  5.4408331,  5.5323744, -0.0915413,NOT_AVAILABLE,      0,true, 46, 36,xsl_spectrum_X0313.csv,VAR,  0,   1.02,   0.04,   0.04,   2.15,   2.37,   3.18,   1.54
X0347,5676959889203060096,  7.9805918,  8.5612907,  7.2457542,  1.3155365,NOT_AVAILABLE,      0,true, 28, 26,xsl_spectrum_X0347.csv,ChP,  0,   1.14,   0.12,   0.02,   5.02,   0.62,   0.52,   0.68
X0351,6083695761740022144, 13.2810717, 13.9045515, 12.5266695,  1.3778820,NOT_AVAILABLE,      0,true, 24, 24,xsl_spectrum_X0351.csv,CRO,  0,   0.98,   0.05,   0.03,   0.88,   0.54,   0.57,   0.52
X0352,6045460111755316736, 11.7472305, 12.5066128, 10.8824883,  1.6241245,NOT_AVAILABLE,      0,true, 49, 46,xsl_spectrum_X0352.csv,OKAGB,  0,   1.03,   0.03,   0.02,   1.00,   0.67,   0.59,   0.73
X0354,6045465987271055232, 11.8878202, 12.7388468, 10.9527807,  1.7860661,NOT_AVAILABLE,      0,true, 50, 49,xsl_spectrum_X0354.csv,CRO,  0,   1.04,   0.04,   0.02,   1.07,   0.55,   0.48,   0.60
X0355,5949553973093167104, 10.5347748, 11.1535883,  9.7846861,  1.3689022,NOT_AVAILABLE,      0,true, 33, 32,xsl_spectrum_X0355.csv,BIN_planet,  0,   1.09,   0.08,   0.03,   1.65,   0.43,   0.43,   0.44
X0356,4331831966671986560, 10.0745182, 10.6087723,  9.3915319,  1.2172403,NOT_AVAILABLE,      0,true, 31, 30,xsl_spectrum_X0356.csv,OK,  0,   1.06,   0.05,   0.03,   1.51,   0.58,   0.55,   0.60
X0357,5805105976563238144,  9.3096685,  9.2223091,  9.4379044, -0.2155952,NOT_AVAILABLE,      0,true, 64, 64,xsl_spectrum_X0357.csv,OK,  0,   1.07,   0.05,   0.02,   4.39,   1.59,   2.05,   1.16
X0358,3117566200092213504,  8.2828999,  8.4351873,  7.9918637,  0.4433236,VARIABLE,      0,true, 26, 24,xsl_spectrum_X0358.csv,OK,  0,   1.03,   0.03,   0.03,   1.64,   1.52,   1.86,   1.22
X0359,3939515154043771392, 12.0413914, 12.2955475, 11.6229153,  0.6726322,NOT_AVAILABLE,      0,true, 54, 54,xsl_spectrum_X0359.csv,OK,  0,   1.04,   0.04,   0.02,   2.52,   1.08,   1.08,   1.08
X0360,3654035240588664960,  9.1614666,  9.8890133,  8.3351622,  1.5538511,NOT_AVAILABLE,      0,true, 25, 25,xsl_spectrum_X0360.csv,ChP,  0,   2.18,   0.53,   0.03,  36.67,   1.00,   1.08,   0.95
X0361,3674725369363742592, 10.6272831, 10.9890223, 10.0827894,  0.9062328,NOT_AVAILABLE,      0,true, 47, 46,xsl_spectrum_X0361.csv,OK,  0,   4.26,   0.76,   0.02, 121.52,   1.17,   0.99,   1.29
X0363,3674612772501124608,  9.1111746,  9.6360712,  8.4160938,  1.2199774,NOT_AVAILABLE,      0,true, 33, 32,xsl_spectrum_X0363.csv,OK,  0,   4.52,   0.78,   0.02,  83.98,   1.02,   1.25,   0.83
X0371,3507882897984968320,  6.9827991,  7.1141558,  6.7302051,  0.3839507,NOT_AVAILABLE,      0,true, 31, 31,xsl_spectrum_X0371.csv,OK,  0,   1.09,   0.06,   0.06,   2.54,   0.98,   1.09,   0.90
X0372,6301027158526567040,  6.8963647,  7.4530649,  6.1765289,  1.2765360,NOT_AVAILABLE,      0,true, 25, 23,xsl_spectrum_X0372.csv,OK,  0,   1.01,   0.02,   0.02,   1.08,   1.07,   1.22,   0.96
X0373,3646061719703116032,  6.8605900,  7.2288351,  6.3205957,  0.9082394,NOT_AVAILABLE,      0,true, 21, 19,xsl_spectrum_X0373.csv,OK,  0,   1.04,   0.04,   0.03,   0.94,   0.68,   0.73,   0.65
X0374,6307374845312759552,  8.8276281,  9.2429018,  8.2307434,  1.0121584,NOT_AVAILABLE,      0,true, 24, 24,xsl_spectrum_X0374.csv,OK,  0,   1.04,   0.04,   0.02,   2.00,   1.03,   1.27,   0.81
X0375,3941562272896500992,  8.5279608,  8.9248133,  7.9471483,  0.9776649,NOT_AVAILABLE,      0,true, 49, 47,xsl_spectrum_X0375.csv,OK,  0,   1.25,   0.19,   0.02,  11.81,   0.80,   0.79,   0.80
X0376,3732696398384550400,  8.5643263,  8.8830366,  8.0580368,  0.8249998,NOT_AVAILABLE,      0,true, 48, 44,xsl_spectrum_X0376.csv,OK,  0,   1.55,   0.38,   0.05,  22.28,   1.30,   1.19,   1.38
X0378,3636549599797661824, 10.4584818, 11.0293131,  9.7356911,  1.2936220,NOT_AVAILABLE,      0,true, 48, 46,xsl_spectrum_X0378.csv,OK,  1,   1.01,   0.03,   0.03,   1.07,   1.08,   0.97,   1.16
X0379,3725115471868587904,  8.1513100,  8.7073412,  7.4466982,  1.2606430,NOT_AVAILABLE,      0,true, 32, 28,xsl_spectrum_X0379.csv,OK,  0,   1.03,   0.04,   0.04,   0.87,   0.63,   0.69,   0.60
X0380,4421479204133344128, 11.9484730, 12.7231779, 11.0939369,  1.6292410,NOT_AVAILABLE,      0,true, 23, 23,xsl_spectrum_X0380.csv,OK,  0,   1.13,   0.11,   0.02,   3.65,   0.59,   0.35,   0.72
X0381,4421477829743733248, 12.1705599, 12.9015627, 11.3410387,  1.5605240,NOT_AVAILABLE,      0,true, 24, 24,xsl_spectrum_X0381.csv,OK,  0,   1.35,   0.26,   0.02,  10.28,   0.56,   0.39,   0.66
X0383,6307365499463905536,  9.1563625,  9.6234894,  8.5164080,  1.1070814,NOT_AVAILABLE,      0,true, 24, 24,xsl_spectrum_X0383.csv,OK,  0,   1.11,   0.09,   0.03,   6.11,   0.97,   1.07,   0.90
X0384,3650718804281798912,  7.8486147,  8.2343750,  7.2919078,  0.9424672,NOT_AVAILABLE,      0,true, 22, 21,xsl_spectrum_X0384.csv,BIN_planet,  0,   1.02,   0.03,   0.03,   0.67,   0.64,   0.66,   0.62
X0387,4551981991583160704,  9.7234087,  9.9560595,  9.3204584,  0.6356010,NOT_AVAILABLE,      0,true, 60, 59,xsl_spectrum_X0387.csv,OK,  0,   1.25,   0.19,   0.02,  19.27,   1.57,   1.98,   1.19
X0388,1745936164681118592, 13.7581329, 14.3389177, 13.0249119,  1.3140059,NOT_AVAILABLE,      0,true, 52, 51,xsl_spectrum_X0388.csv,OK,  0,   0.94,   0.07,   0.02,   4.03,   0.98,   1.06,   0.92
X0389,1821609021711481728, 14.1535950, 14.7321873, 13.4188528,  1.3133345,NOT_AVAILABLE,      0,true, 41, 42,xsl_spectrum_X0389.csv,CRO,  0,   1.08,   0.07,   0.02,   2.48,   0.74,   0.54,   0.86
X0392,1235563517265388928,  9.6006470, 10.0097027,  9.0097694,  0.9999332,NOT_AVAILABLE,      2,true, 29, 27,xsl_spectrum_X0392.csv,OK,  0,   1.27,   0.21,   0.02,  13.19,   0.98,   1.11,   0.88
X0393,1275876252107941888,  8.7275190,  9.3954182,  7.9365087,  1.4589095,NOT_AVAILABLE,      0,true,111,111,xsl_spectrum_X0393.csv,OK,  0,   2.15,   0.53,   0.02,  36.37,   0.50,   0.42,   0.56
X0394,1275876252107941888,  8.7275190,  9.3954182,  7.9365087,  1.4589095,NOT_AVAILABLE,      0,true,111,111,xsl_spectrum_X0394.csv,OK,  0,   1.30,   0.23,   0.02,  14.84,   0.86,   0.73,   0.95
X0395,1262035427936249728,  7.5429392,  8.0237961,  6.8887696,  1.1350265,NOT_AVAILABLE,      0,true, 34, 32,xsl_spectrum_X0395.csv,OK,  0,   1.22,   0.17,   0.03,   5.78,   0.66,   0.58,   0.71
X0400,4050199996022387072, 14.6962967, 15.4872465, 13.7612591,  1.7259874,NOT_AVAILABLE,      0,true, 28, 29,xsl_spectrum_X0400.csv,CRO,  0,   1.87,   0.46,   0.04,   8.73,   0.49,   0.44,   0.52
X0401,4050199996022387072, 14.6962967, 15.4872465, 13.7612591,  1.7259874,NOT_AVAILABLE,      0,true, 28, 29,xsl_spectrum_X0401.csv,CRO,  0,   1.50,   0.32,   0.04,   5.28,   0.55,   0.51,   0.58
X0405,4050198351112514560, 14.4830523, 15.3974857, 13.4967184,  1.9007673,NOT_AVAILABLE,      0,true, 25, 28,xsl_spectrum_X0405.csv,CRO,  0,   1.06,   0.06,   0.04,   1.00,   0.74,   0.66,   0.80
X0407,1821608471955735296, 12.3105679, 13.2095671, 11.3812723,  1.8282948,NOT_AVAILABLE,      0,true, 46, 44,xsl_spectrum_X0407.csv,CRO,  0,   1.00,   0.02,   0.02,   0.60,   0.60,   0.42,   0.71
X0408,1821607608629456512, 14.1983585, 14.8453388, 13.3892813,  1.4560575,NOT_AVAILABLE,      0,true, 49, 46,xsl_spectrum_X0408.csv,CRO,  0,   0.98,   0.04,   0.03,   1.23,   0.85,   0.60,   0.99
X0409,1283756555019878528,  7.9291096,  8.4103251,  7.2783422,  1.1319828,NOT_AVAILABLE,      0,true, 64, 61,xsl_spectrum_X0409.csv,OK,  0,   0.99,   0.04,   0.03,   0.95,   0.66,   0.59,   0.71
X0412,6451102215021927040,  9.6596842, 10.0308084,  9.1087160,  0.9220924,NOT_AVAILABLE,      0,true, 52, 50,xsl_spectrum_X0412.csv,ChP,  0,   1.00,   0.02,   0.02,   1.48,   1.23,   1.18,   1.27
X0419,4049030566622522240, 15.4825611, 16.3317184, 14.5637255,  1.7679930,NOT_AVAILABLE,      0,true, 21, 21,xsl_spectrum_X0419.csv,CRO,  0,   1.16,   0.12,   0.06,   2.32,   0.84,   0.94,   0.77
X0422,4685877597088703360,  7.9829855,  8.7243490,  7.1495872,  1.5747619,NOT_AVAILABLE,      0,true, 41, 39,xsl_spectrum_X0422.csv,OK,  0,   1.23,   0.16,   0.05,   3.18,   0.70,   0.88,   0.53
X0423,5084391257193086336,  6.4524870,  6.8834033,  5.8414974,  1.0419059,NOT_AVAILABLE,      0,true, 55, 51,xsl_spectrum_X0423.csv,OK,  0,   1.15,   0.11,   0.04,   6.05,   1.41,   1.87,   0.98
X0426,4049028883040962816, 15.4948826, 16.2700272, 14.5976582,  1.6723690,NOT_AVAILABLE,      0,true, 22, 24,xsl_spectrum_X0426.csv,OK,  0,   0.84,   0.17,   0.04,   2.49,   0.69,   0.76,   0.64
X0427,4048839320356942720, 15.5871315, 16.5124111, 14.5845985,  1.9278126,NOT_AVAILABLE,      0,true, 21, 24,xsl_spectrum_X0427.csv,CRO,  0,   0.86,   0.19,   0.05,   1.72,   0.51,   0.53,   0.50
X0430,6614285855300051840,  7.2989020,  7.8663464,  6.5868754,  1.2794709,NOT_AVAILABLE,      0,true, 23, 23,xsl_spectrum_X0430.csv,OK,  0,   1.03,   0.04,   0.04,   0.69,   0.60,   0.66,   0.55
X0433,2689931630869716096,  6.6341252,  6.7024021,  6.4846678,  0.2177343,NOT_AVAILABLE,      0,true, 26, 24,xsl_spectrum_X0433.csv,OK,  0,   1.02,   0.04,   0.05,   2.00,   2.32,   3.32,   1.20
X0435,2686137834717137792,  9.3794785,  9.9447107,  8.6743889,  1.2703218,NOT_AVAILABLE,      0,true, 29, 30,xsl_spectrum_X0435.csv,ChP,  0,   1.03,   0.05,   0.05,   0.68,   0.68,   0.81,   0.56
X0436,1733244570676906880,  6.7446723,  7.2654266,  6.0652223,  1.2002044,NOT_AVAILABLE,      0,true, 28, 24,xsl_spectrum_X0436.csv,OK,  0,   1.01,   0.04,   0.04,   0.59,   0.59,   0.59,   0.60
X0437,1736838805468812160,  7.8166437,  8.5091963,  7.0129037,  1.4962926,NOT_AVAILABLE,      0,true, 73, 71,xsl_spectrum_X0437.csv,OK,  0,   1.02,   0.04,   0.04,   0.76,   0.75,   0.72,   0.77
X0438,1730456415347350784,  7.0644350,  7.6778026,  6.3137660,  1.3640366,NOT_AVAILABLE,      0,true, 36, 32,xsl_spectrum_X0438.csv,OK,  0,   1.03,   0.04,   0.03,   0.55,   0.48,   0.47,   0.49
X0441,2612247904551451264,  9.2960644,  9.7830200,  8.6357584,  1.1472616,NOT_AVAILABLE,      0,true, 36, 35,xsl_spectrum_X0441.csv,ChP,  0,   0.98,   0.03,   0.02,   1.96,   0.88,   0.75,   0.97
X0442,2869759781250083200,  7.2995653,  7.9154449,  6.5361032,  1.3793416,NOT_AVAILABLE,      0,true, 48, 44,xsl_spectrum_X0442.csv,ChP,  0,   0.99,   0.03,   0.02,   1.57,   1.09,   0.96,   1.17
X0445,2722849325377392384, 10.2452536, 10.5059080,  9.8131027,  0.6928053,NOT_AVAILABLE,      0,true, 23, 24,xsl_spectrum_X0445.csv,OK,  1,   0.99,   0.02,   0.02,   1.43,   0.94,   0.94,   0.95
X0446,2672702897842335872,  7.9937515,  8.5112705,  7.3031716,  1.2080989,NOT_AVAILABLE,      0,true, 41, 40,xsl_spectrum_X0446.csv,OK,  0,   0.99,   0.03,   0.02,   2.15,   1.25,   0.97,   1.43
X0448,2582106305105033216, 10.2632113, 10.1252146, 10.5010347, -0.3758202,NOT_AVAILABLE,      0,true, 51, 51,xsl_spectrum_X0448.csv,OK,  0,   1.07,   0.04,   0.05,   4.76,   2.52,   3.47,   1.52
X0449,4158615798208505472,  7.7513113,  8.3376789,  6.9996471,  1.3380318,NOT_AVAILABLE,      0,true, 26, 26,xsl_spectrum_X0449.csv,OK,  1,   0.99,   0.02,   0.02,   1.25,   0.97,   1.25,   0.73
X0450,4469871906338470528,  6.8117681,  6.8515601,  6.7096229,  0.1419373,NOT_AVAILABLE,      0,true, 31, 29,xsl_spectrum_X0450.csv,OK,  1,   1.00,   0.06,   0.05,   2.67,   2.36,   3.18,   1.55
X0453,2537228466706526208,  7.3161392,  7.8801637,  6.6040087,  1.2761550,NOT_AVAILABLE,      0,true, 35, 33,xsl_spectrum_X0453.csv,OK,  0,   1.03,   0.03,   0.03,   0.63,   0.50,   0.52,   0.49
X0454,5949553973093167104, 10.5347748, 11.1535883,  9.7846861,  1.3689022,NOT_AVAILABLE,      0,true, 33, 32,xsl_spectrum_X0454.csv,planet,  0,   1.07,   0.06,   0.03,   1.23,   0.43,   0.38,   0.47
X0456,4435581505912059904,  8.3940163,  8.8260221,  7.7940483,  1.0319738,NOT_AVAILABLE,      0,true, 47, 46,xsl_spectrum_X0456.csv,OK,  0,   1.07,   0.05,   0.04,   1.76,   0.79,   0.75,   0.82
X0458,4364527594192166400,  7.2647023,  7.9345021,  6.4705400,  1.4639621,NOT_AVAILABLE,      0,true, 42, 41,xsl_spectrum_X0458.csv,OK,  0,   1.05,   0.05,   0.03,   1.74,   0.86,   0.87,   0.85
X0459,4471126479159876096,  7.7360053,  7.8274221,  7.5446944,  0.2827277,NOT_AVAILABLE,      0,true, 28, 28,xsl_spectrum_X0459.csv,OK,  0,   1.09,   0.06,   0.06,   3.31,   1.92,   2.66,   1.14
X0460,4470930186283476736,  7.3298388,  7.3305273,  7.2922926,  0.0382347,NOT_AVAILABLE,      0,true, 28, 26,xsl_spectrum_X0460.csv,OK,  0,   1.49,   0.29,   0.06,  19.51,   2.27,   3.17,   1.32
X0461,4478267193011680640,  8.0762835,  8.2323942,  7.7791538,  0.4532404,NOT_AVAILABLE,      0,true, 34, 32,xsl_spectrum_X0461.csv,OK,  0,   2.38,   0.57,   0.05,  50.81,   1.85,   2.45,   1.27
X0463,2582106305105033216, 10.2632113, 10.1252146, 10.5010347, -0.3758202,NOT_AVAILABLE,      0,true, 51, 51,xsl_spectrum_X0463.csv,OK,  0,   1.08,   0.05,   0.05,   5.48,   2.29,   3.11,   1.44
X0464,4446275149846884352,  9.0393677,  9.4135151,  8.4743633,  0.9391518,NOT_AVAILABLE,      0,true, 88, 87,xsl_spectrum_X0464.csv,OK,  0,   1.03,   0.03,   0.03,   3.09,   2.24,   2.65,   1.90
X0465,4473687177317598336,  9.3229666,  9.4714766,  9.0499525,  0.4215240,NOT_AVAILABLE,      0,true, 37, 37,xsl_spectrum_X0465.csv,OK,  0,   1.05,   0.05,   0.07,   3.01,   2.68,   3.75,   1.54
X0467,4474760644265753984,  6.3143835,  6.2593021,  6.3687887, -0.1094866,NOT_AVAILABLE,      0,true, 26, 24,xsl_spectrum_X0467.csv,OK,  0,   1.03,   0.04,   0.05,   1.89,   2.17,   3.16,   1.01
X0468,4476214061198753280,  7.1870818,  7.2414103,  7.0535727,  0.1878376,NOT_AVAILABLE,      0,true, 37, 36,xsl_spectrum_X0468.csv,OK,  0,   1.04,   0.04,   0.05,   2.16,   2.30,   3.07,   1.55
X0469,4468305755100841472,  6.6115780,  6.6710405,  6.4636278,  0.2074127,NOT_AVAILABLE,      0,true, 22, 21,xsl_spectrum_X0469.csv,DMS,  0,   1.04,   0.04,   0.05,   1.55,   1.79,   2.49,   1.05
X0470,4284219883386710272,  7.6816497,  7.7730918,  7.4737296,  0.2993622,NOT_AVAILABLE,      0,true, 22, 19,xsl_spectrum_X0470.csv,Be,  0,   1.04,   0.06,   0.07,   2.62,   3.18,   4.79,   1.04
X0471,4286778069001143808,  7.3820248,  8.0187073,  6.6139641,  1.4047432,NOT_AVAILABLE,      0,true, 21, 22,xsl_spectrum_X0471.csv,OK,  0,   1.03,   0.04,   0.04,   0.72,   0.69,   0.78,   0.62
X0472,4286975912366995200,  7.9623284,  8.0473986,  7.7848797,  0.2625189,NOT_AVAILABLE,      3,true, 20, 20,xsl_spectrum_X0472.csv,OK,  0,   1.04,   0.05,   0.06,   1.38,   1.42,   1.80,   1.08
X0473,4268291017906171392,  7.4221044,  7.9416838,  6.7435594,  1.1981244,NOT_AVAILABLE,      0,true, 23, 22,xsl_spectrum_X0473.csv,OK,  0,   1.04,   0.04,   0.04,   0.70,   0.56,   0.60,   0.54
X0476,4292688321964796800,  6.6311216,  6.8218317,  6.2896719,  0.5321598,NOT_AVAILABLE,      0,true, 28, 25,xsl_spectrum_X0476.csv,OK,  0,   1.04,   0.04,   0.04,   1.70,   1.65,   2.33,   0.93
X0479,6858449008002621312,  9.9519253, 10.5580158,  9.2080965,  1.3499193,NOT_AVAILABLE,      0,true, 46, 47,xsl_spectrum_X0479.csv,OK,  0,   1.02,   0.08,   0.08,   0.55,   0.54,   0.70,   0.40
X0480,4247355045211154560, 10.3078241, 10.5798111,  9.8610125,  0.7187986,NOT_AVAILABLE,      0,true, 71, 72,xsl_spectrum_X0480.csv,ChP,  0,   1.04,   0.03,   0.03,   3.39,   1.86,   2.11,   1.67
X0481,4273225145054713984,  7.5851855,  8.1858892,  6.8407011,  1.3451881,NOT_AVAILABLE,      0,true, 24, 21,xsl_spectrum_X0481.csv,OK,  0,   1.03,   0.03,   0.03,   0.65,   0.54,   0.55,   0.54
X0482,4240746602368593664,  7.1234956,  7.6799307,  6.4136114,  1.2663193,NOT_AVAILABLE,      2,true, 43, 42,xsl_spectrum_X0482.csv,BIN,  0,   1.03,   0.03,   0.03,   0.77,   0.58,   0.53,   0.62
X0483,4243275719623780608,  7.2845130,  7.4228911,  7.0167875,  0.4061036,NOT_AVAILABLE,      0,true, 34, 31,xsl_spectrum_X0483.csv,OK,  0,   1.02,   0.03,   0.04,   1.61,   1.91,   2.75,   0.96
X0484,4243054649066947712,  7.7032294,  8.1509218,  7.0820212,  1.0689006,NOT_AVAILABLE,      0,true, 36, 36,xsl_spectrum_X0484.csv,OK,  0,   1.03,   0.03,   0.03,   0.89,   0.71,   0.72,   0.71
X0485,2699572561138691968,  7.7440543,  7.8994188,  7.4544253,  0.4449935,VARIABLE,      0,true, 59, 56,xsl_spectrum_X0485.csv,VAR,  0,   1.04,   0.04,   0.05,   1.91,   2.08,   2.90,   1.21
X0486,2681306546265329920,  8.4069786,  8.8195114,  7.8277164,  0.9917951,NOT_AVAILABLE,      0,true, 27, 25,xsl_spectrum_X0486.csv,OK,  0,   1.03,   0.03,   0.03,   0.75,   0.59,   0.57,   0.61
X0488,4500356450325206272,  6.1170130,  6.3366036,  5.7373281,  0.5992756,NOT_AVAILABLE,      0,true, 31, 28,xsl_spectrum_X0488.csv,OK,  0,   0.97,   0.07,   0.04,   3.04,   1.40,   1.82,   1.00
X0490,1833199729671740800,  7.0359473,  7.4702172,  6.4251809,  1.0450363,NOT_AVAILABLE,      0,true, 59, 55,xsl_spectrum_X0490.csv,OK,  0,   1.20,   0.15,   0.03,   7.58,   0.96,   0.93,   1.00
X0491,1821609021711485696, 13.7992191, 14.4693899, 12.9743881,  1.4950018,NOT_AVAILABLE,      0,true, 46, 49,xsl_spectrum_X0491.csv,CRO,  0,   1.74,   0.41,   0.04,  16.14,   0.94,   0.66,   1.10
X0494,1821620424811789568, 12.2661905, 13.0744324, 11.3898182,  1.6846142,NOT_AVAILABLE,      0,true, 49, 47,xsl_spectrum_X0494.csv,CRO,  0,   1.31,   0.23,   0.03,   5.57,   0.54,   0.42,   0.62
X0496,6888560851915102464,  9.9494410, 10.4035540,  9.3130713,  1.0904827,NOT_AVAILABLE,      0,true, 47, 47,xsl_spectrum_X0496.csv,ChP/DMS,  0,   1.12,   0.09,   0.02,  10.81,   1.54,   1.49,   1.59
X0500,4455529017661900160,  8.7411566,  9.3766441,  7.9716501,  1.4049940,NOT_AVAILABLE,      0,true, 55, 56,xsl_spectrum_X0500.csv,OK,  0,   1.01,   0.03,   0.03,   1.19,   1.14,   1.02,   1.22
X0501,4455529017661900160,  8.7411566,  9.3766441,  7.9716501,  1.4049940,NOT_AVAILABLE,      0,true, 55, 56,xsl_spectrum_X0501.csv,OK,  0,   1.02,   0.03,   0.03,   1.40,   1.25,   1.15,   1.32
X0502,6045465987271055232, 11.8878202, 12.7388468, 10.9527807,  1.7860661,NOT_AVAILABLE,      0,true, 50, 49,xsl_spectrum_X0502.csv,CRO,  0,   1.04,   0.04,   0.02,   1.47,   0.65,   0.46,   0.76
X0504,4687246145432125824, 13.0432587, 13.7831173, 12.2129879,  1.5701294,NOT_AVAILABLE,      0,true, 46, 45,xsl_spectrum_X0504.csv,RSG,  0,   1.00,   0.03,   0.02,   0.59,   0.53,   0.36,   0.63
X0506,4687250268600675712, 12.6917896, 13.5113840, 11.8183041,  1.6930799,NOT_AVAILABLE,      0,true, 45, 44,xsl_spectrum_X0506.csv,RSG,  0,   1.15,   0.14,   0.03,   2.77,   0.48,   0.37,   0.55
X0508,5030366581563257088,  9.3699884,  9.9971523,  8.6110611,  1.3860912,NOT_AVAILABLE,      0,true, 58, 59,xsl_spectrum_X0508.csv,BIN,  0,   1.19,   0.17,   0.03,   4.53,   0.64,   0.51,   0.73
X0518,4662061316228099584, 11.2904472, 11.5767708, 10.8395529,  0.7372179,NOT_AVAILABLE,      0,true, 98, 97,xsl_spectrum_X0518.csv,OK,  0,   1.10,   0.08,   0.03,   4.28,   0.99,   0.47,   1.24
X0520,3318883274444631296,  8.1940107,  8.6526880,  7.5691261,  1.0835619,NOT_AVAILABLE,      0,true, 23, 24,xsl_spectrum_X0520.csv,OK,  0,   1.03,   0.04,   0.03,   0.76,   0.61,   0.59,   0.62
X0521,2957939583009621120, 12.5187359, 13.3297329, 11.6441860,  1.6855469,NOT_AVAILABLE,      0,true, 66, 66,xsl_spectrum_X0521.csv,ChP,  0,   0.97,   0.05,   0.03,   1.91,   1.09,   0.86,   1.24
X0522,2957939686088825472, 13.0215845, 13.7378283, 12.1962824,  1.5415459,NOT_AVAILABLE,      0,true, 64, 64,xsl_spectrum_X0522.csv,OK,  1,   1.00,   0.03,   0.03,   0.97,   0.89,   0.76,   0.97
X0523,2957940132765349888, 12.7413960, 13.5254107, 11.8829155,  1.6424952,NOT_AVAILABLE,      0,true, 57, 56,xsl_spectrum_X0523.csv,ChP,  0,   1.01,   0.03,   0.03,   0.78,   0.77,   0.86,   0.72
X0524,4658168495332042112, 14.7222099, 15.4295950, 13.9146004,  1.5149946,NOT_AVAILABLE,      0,true, 31, 30,xsl_spectrum_X0524.csv,VAR,  0,   1.00,   0.04,   0.03,   0.50,   0.46,   0.36,   0.52
X0526,2787924539542784896,  7.0487180,  7.5941586,  6.3497572,  1.2444015,NOT_AVAILABLE,      0,true, 29, 27,xsl_spectrum_X0526.csv,DMS,  0,   1.02,   0.03,   0.03,   0.62,   0.55,   0.50,   0.59
X0529,2490426551679224064,  7.0674901,  7.3252449,  6.6411028,  0.6841421,NOT_AVAILABLE,      2,true, 24, 23,xsl_spectrum_X0529.csv,BIN,  0,   0.99,   0.03,   0.03,   1.46,   0.97,   1.26,   0.70
X0535,3124766042749774720,  7.7723365,  7.8727841,  7.5567346,  0.3160496,VARIABLE,      0,true, 29, 29,xsl_spectrum_X0535.csv,OK,  0,   1.00,   0.05,   0.05,   2.39,   1.94,   2.80,   0.96
X0536,3155993478647980416,  7.6664996,  8.1283102,  7.0328302,  1.0954800,NOT_AVAILABLE,      0,true, 26, 23,xsl_spectrum_X0536.csv,OK,  0,   0.98,   0.05,   0.03,   1.51,   0.90,   0.92,   0.89
X0537,3156126175957731200,  7.1915555,  7.7468061,  6.4858618,  1.2609444,NOT_AVAILABLE,      0,true, 25, 24,xsl_spectrum_X0537.csv,OK,  0,   0.97,   0.05,   0.03,   0.88,   0.54,   0.52,   0.55
X0539,3317535337611336832,  6.9982686,  6.9209747,  7.1121597, -0.1911850,NOT_AVAILABLE,      0,true, 27, 26,xsl_spectrum_X0539.csv,OK,  0,   1.02,   0.04,   0.05,   1.86,   2.33,   3.38,   1.12
X0542,4660601611448785152,  9.4421253,  9.7827797,  8.9315529,  0.8512268,NOT_AVAILABLE,      0,true,101,108,xsl_spectrum_X0542.csv,ESG,  0,   1.07,   0.08,   0.08,   2.47,   1.05,   1.08,   1.03
X0546,3261878613062758144,  6.8885603,  7.2105436,  6.3911366,  0.8194070,NOT_AVAILABLE,      0,true, 19, 20,xsl_spectrum_X0546.csv,OK,  0,   1.03,   0.03,   0.03,   1.05,   0.77,   0.83,   0.72
X0547,53848448829915776,  7.9867549,  8.3725395,  7.4132233,  0.9593163,NOT_AVAILABLE,      0,true, 56, 56,xsl_spectrum_X0547.csv,OK,  0,   1.16,   0.13,   0.02,  10.60,   1.13,   1.32,   0.98
X0548,5097726306014470016,  7.0985155,  7.7109160,  6.3433785,  1.3675375,NOT_AVAILABLE,      0,true, 39, 33,xsl_spectrum_X0548.csv,ChP,  0,   1.00,   0.03,   0.02,   1.30,   1.09,   1.17,   1.04
X0549,3297303572040367232,  8.5796804,  9.3075361,  7.7438879,  1.5636482,NOT_AVAILABLE,      0,true, 33, 33,xsl_spectrum_X0549.csv,ChP,  0,   1.00,   0.02,   0.02,   0.92,   0.89,   0.99,   0.81
X0550,5546929513812569856,  7.4578977,  8.2379265,  6.5976930,  1.6402335,NOT_AVAILABLE,      2,true, 55, 55,xsl_spectrum_X0550.csv,BIN,  0,   1.08,   0.06,   0.03,   1.09,   0.51,   0.48,   0.53
X0552,3143312158208562048,  7.6166582,  8.2384014,  6.8600526,  1.3783488,NOT_AVAILABLE,      0,true, 26, 25,xsl_spectrum_X0552.csv,OK,  0,   1.05,   0.05,   0.03,   0.93,   0.48,   0.51,   0.46
X0555,884951489919636352,  8.0566177,  8.5329447,  7.4159985,  1.1169462,NOT_AVAILABLE,      0,true, 27, 26,xsl_spectrum_X0555.csv,OK,  0,   1.08,   0.07,   0.03,   2.47,   0.67,   0.66,   0.68
X0558,3311148828615843328,  8.8871727,  9.3112068,  8.2978888,  1.0133181,VARIABLE,      0,true, 25, 25,xsl_spectrum_X0558.csv,OK,  0,   1.03,   0.03,   0.03,   0.67,   0.52,   0.55,   0.50
X0559,2500840472982387200,  7.0717940,  7.5830460,  6.4057479,  1.1772981,NOT_AVAILABLE,      0,true, 22, 22,xsl_spectrum_X0559.csv,OK,  0,   1.05,   0.05,   0.03,   0.84,   0.46,   0.48,   0.44
X0561,3245657582441858688,  9.3064461,  9.7209864,  8.6957474,  1.0252390,NOT_AVAILABLE,      0,true, 33, 34,xsl_spectrum_X0561.csv,OK,  0,   1.03,   0.04,   0.03,   1.14,   0.76,   0.73,   0.77
X0567,3145978027229218176,  7.9225774,  8.4249067,  7.2587929,  1.1661139,NOT_AVAILABLE,      0,true, 44, 39,xsl_spectrum_X0567.csv,OK,  0,   0.95,   0.07,   0.03,   1.21,   0.51,   0.52,   0.50
X0568,604911375882674560,  9.2582140,  9.9658394,  8.4472313,  1.5186081,NOT_AVAILABLE,      0,true, 40, 38,xsl_spectrum_X0568.csv,planet,  0,   0.94,   0.08,   0.03,   1.18,   0.46,   0.44,   0.47
X0569,628852004626257152,  5.8947101,  6.1722708,  5.4511871,  0.7210836,NOT_AVAILABLE,      0,true, 23, 22,xsl_spectrum_X0569.csv,OK,  0,   1.83,   0.44,   0.03,  22.76,   0.86,   0.89,   0.85
X0570,2984998873403435008,  9.2190285,  9.7196426,  8.5522537,  1.1673889,NOT_AVAILABLE,      0,true, 59, 57,xsl_spectrum_X0570.csv,OK,  0,   0.96,   0.05,   0.02,   1.85,   0.61,   0.52,   0.67
X0571,3374633977170787072,  9.1449041,  9.4708395,  8.6305361,  0.8403034,NOT_AVAILABLE,      0,true, 23, 22,xsl_spectrum_X0571.csv,ChP,  0,   0.95,   0.06,   0.02,   3.57,   0.96,   1.07,   0.87
X0572,2999846575346395264, 12.6579237, 13.2221022, 11.9450426,  1.2770596,NOT_AVAILABLE,      0,true, 32, 32,xsl_spectrum_X0572.csv,OK,  0,   0.96,   0.05,   0.02,   2.65,   0.92,   0.83,   0.98
X0573,5648333210624292224,  8.8147230,  9.0328617,  8.4370432,  0.5958185,NOT_AVAILABLE,      0,true, 55, 57,xsl_spectrum_X0573.csv,OK,  0,   0.98,   0.03,   0.02,   2.22,   1.20,   1.11,   1.26
X0578,3122668346360478976,  6.7993484,  7.2651472,  6.1663013,  1.0988460,NOT_AVAILABLE,      0,true, 41, 39,xsl_spectrum_X0578.csv,OK,  1,   1.00,   0.03,   0.03,   0.52,   0.51,   0.53,   0.49
X0579,3122130169776904832,  7.3473735,  7.5702319,  6.9643841,  0.6058478,NOT_AVAILABLE,      0,true, 33, 33,xsl_spectrum_X0579.csv,DMS,  0,   0.99,   0.03,   0.03,   1.47,   1.02,   1.19,   0.89
X0581,3316978400610184832,  6.3012481,  6.8115807,  5.6291227,  1.1824579,NOT_AVAILABLE,      0,true, 22, 19,xsl_spectrum_X0581.csv,OK,  1,   1.00,   0.03,   0.03,   0.49,   0.48,   0.52,   0.46
X0582,3328169371696096384,  7.0222483,  6.9536257,  7.0641479, -0.1105223,VARIABLE,      0,true, 22, 20,xsl_spectrum_X0582.csv,DMS,  0,   0.99,   0.05,   0.04,   2.20,   1.72,   2.50,   0.81
X0583,3124790609962295552,  7.1288033,  7.6215944,  6.4733748,  1.1482196,NOT_AVAILABLE,      0,true, 22, 22,xsl_spectrum_X0583.csv,OK,  1,   1.00,   0.03,   0.03,   0.46,   0.47,   0.53,   0.43
X0585,5617564477239812864,  7.0260973,  7.3368769,  6.5453010,  0.7915759,NOT_AVAILABLE,      0,true, 69, 71,xsl_spectrum_X0585.csv,OK,  1,   1.00,   0.03,   0.03,   0.64,   0.64,   0.58,   0.68
X0586,3111514591172555520,  7.6741800,  8.1339483,  7.0474954,  1.0864530,NOT_AVAILABLE,      1,true, 23, 22,xsl_spectrum_X0586.csv,OK,  0,   0.99,   0.03,   0.03,   0.60,   0.53,   0.54,   0.52
X0588,3142916535882924416,  7.4591942,  8.2287064,  6.6046276,  1.6240788,NOT_AVAILABLE,      0,true, 27, 27,xsl_spectrum_X0588.csv,OK,  1,   0.99,   0.04,   0.03,   0.50,   0.46,   0.52,   0.41
X0593,2889759622882091392,  8.2262955,  8.7594690,  7.5294967,  1.2299724,NOT_AVAILABLE,      0,true, 42, 44,xsl_spectrum_X0593.csv,OK,  0,   1.02,   0.03,   0.02,   1.13,   0.82,   0.94,   0.72
X0594,4022846242663965952,  8.3929176,  8.9815435,  7.6615014,  1.3200421,NOT_AVAILABLE,      0,true, 37, 37,xsl_spectrum_X0594.csv,OK,  0,   1.02,   0.03,   0.03,   0.50,   0.41,   0.39,   0.42
X0595,3796826582305099520,  8.8753080,  9.2955790,  8.2924595,  1.0031195,NOT_AVAILABLE,      0,true, 26, 27,xsl_spectrum_X0595.csv,planet,  0,   1.02,   0.03,   0.03,   0.49,   0.46,   0.51,   0.42
X0598,3473922557216744448,  8.8085337,  9.4864864,  8.0077763,  1.4787102,NOT_AVAILABLE,      0,true, 75, 74,xsl_spectrum_X0598.csv,ChP,  0,   1.00,   0.03,   0.03,   1.51,   1.53,   1.97,   1.13
X0604,3473240378970537088, 10.0166874, 10.4587402,  9.4034328,  1.0553074,NOT_AVAILABLE,      0,true, 35, 36,xsl_spectrum_X0604.csv,OK,  0,   1.02,   0.02,   0.02,   0.86,   0.76,   0.74,   0.77
X0607,3920615854833203328, 10.0210476, 10.2822046,  9.5888300,  0.6933746,NOT_AVAILABLE,      0,true, 43, 43,xsl_spectrum_X0607.csv,OK,  0,   0.95,   0.06,   0.02,   5.77,   1.50,   1.63,   1.42
X0610,6083695761740022144, 13.2810717, 13.9045515, 12.5266695,  1.3778820,NOT_AVAILABLE,      0,true, 24, 24,xsl_spectrum_X0610.csv,OK,  0,   0.94,   0.08,   0.02,   1.55,   0.50,   0.47,   0.52
X0611,3699954179060804864,  9.5262346,  9.7676945,  9.1120262,  0.6556683,NOT_AVAILABLE,      0,true, 52, 50,xsl_spectrum_X0611.csv,OK,  0,   0.92,   0.10,   0.02,  10.76,   2.40,   3.29,   1.48
X0613,3699954179060804864,  9.5262346,  9.7676945,  9.1120262,  0.6556683,NOT_AVAILABLE,      0,true, 52, 50,xsl_spectrum_X0613.csv,OK,  0,   1.02,   0.02,   0.02,   1.93,   1.69,   2.18,   1.25
X0614,6149244697914619392,  9.0478306,  9.0545721,  9.0023232,  0.0522490,NOT_AVAILABLE,      0,true, 59, 57,xsl_spectrum_X0614.csv,OK,  1,   1.01,   0.04,   0.04,   2.82,   2.90,   3.64,   2.25
X0617,1239044708517928064,  5.3616366,  5.4690099,  5.1590896,  0.3099203,NOT_AVAILABLE,      0,true, 39, 38,xsl_spectrum_X0617.csv,OK,  0,   1.02,   0.04,   0.04,   1.55,   1.65,   2.22,   1.07
X0618,1262035427936249728,  7.5429392,  8.0237961,  6.8887696,  1.1350265,NOT_AVAILABLE,      0,true, 34, 32,xsl_spectrum_X0618.csv,OK,  0,   1.03,   0.03,   0.03,   1.01,   0.83,   0.83,   0.83
X0620,4455529017661900160,  8.7411566,  9.3766441,  7.9716501,  1.4049940,NOT_AVAILABLE,      0,true, 55, 56,xsl_spectrum_X0620.csv,OK,  0,   1.05,   0.04,   0.03,   2.66,   0.99,   1.06,   0.94
X0621,6045460111755316736, 11.7472305, 12.5066128, 10.8824883,  1.6241245,NOT_AVAILABLE,      0,true, 49, 46,xsl_spectrum_X0621.csv,OKAGB,  0,   1.11,   0.11,   0.02,   4.60,   0.77,   0.92,   0.65
X0622,3568795670365205888, 13.6374397, 13.9286118, 13.1719017,  0.7567101,NOT_AVAILABLE,      0,true, 35, 33,xsl_spectrum_X0622.csv,ChP,  0,   1.02,   0.02,   0.02,   1.86,   1.50,   1.69,   1.37
X0623,3572694538597881600, 14.1730957, 14.4223328, 13.7576399,  0.6646929,NOT_AVAILABLE,      0,true, 53, 54,xsl_spectrum_X0623.csv,OK,  0,   1.02,   0.02,   0.02,   1.49,   1.16,   1.19,   1.14
X0624,3594472015653451264, 14.9884262, 15.2116528, 14.6044760,  0.6071768,NOT_AVAILABLE,      0,true, 47, 46,xsl_spectrum_X0624.csv,OK,  0,   1.02,   0.03,   0.03,   1.29,   1.16,   1.39,   0.95
X0625,3630092241022731136,  8.7372017,  9.4223547,  7.9244690,  1.4978857,NOT_AVAILABLE,      0,true, 43, 42,xsl_spectrum_X0625.csv,VAR,  0,   1.04,   0.05,   0.03,   1.15,   0.65,   0.82,   0.50
X0626,3603035836843409408,  9.0388422,  9.0695267,  8.9458342,  0.1236925,NOT_AVAILABLE,      0,true, 43, 44,xsl_spectrum_X0626.csv,OK,  0,   1.02,   0.04,   0.04,   2.56,   3.03,   3.95,   2.16
X0627,3603949359207346048,  8.4302359,  9.1334581,  7.6144342,  1.5190239,NOT_AVAILABLE,      0,true, 37, 36,xsl_spectrum_X0627.csv,ChP,  0,   1.03,   0.03,   0.02,   1.54,   1.05,   1.21,   0.92
X0630,3472600458906843392, 12.0347366, 12.3937798, 11.4929552,  0.9008245,NOT_AVAILABLE,      2,true, 43, 43,xsl_spectrum_X0630.csv,ChP,  0,   1.02,   0.02,   0.02,   2.32,   2.00,   2.62,   1.40
X0631,3632963817501130240, 13.9909782, 14.2283316, 13.5923977,  0.6359339,NOT_AVAILABLE,      0,true, 24, 24,xsl_spectrum_X0631.csv,ChP,  0,   1.01,   0.02,   0.02,   1.29,   1.27,   1.41,   1.17
X0633,1197801408889764480,  5.7692118,  5.8594131,  5.5911140,  0.2682991,NOT_AVAILABLE,      0,true, 65, 62,xsl_spectrum_X0633.csv,DMS,  0,   1.01,   0.05,   0.05,   1.37,   1.37,   1.61,   1.17
X0634,4455529017661900160,  8.7411566,  9.3766441,  7.9716501,  1.4049940,NOT_AVAILABLE,      0,true, 55, 56,xsl_spectrum_X0634.csv,OK,  0,   1.02,   0.03,   0.03,   1.11,   0.99,   1.15,   0.86
X0636,4426498680874318592,  8.5045052,  8.7024603,  8.1471939,  0.5552664,NOT_AVAILABLE,      0,true, 43, 46,xsl_spectrum_X0636.csv,OK,  1,   1.01,   0.04,   0.04,   1.68,   1.79,   2.19,   1.44
X0639,4582148604918575744,  6.9231067,  7.0163002,  6.7143846,  0.3019156,NOT_AVAILABLE,      0,true, 51, 47,xsl_spectrum_X0639.csv,OK,  0,   1.02,   0.04,   0.04,   2.17,   2.51,   3.59,   1.26
X0640,6045502305516138368, 13.3957672, 13.9370928, 12.6906919,  1.2464008,VARIABLE,      0,true, 45, 54,xsl_spectrum_X0640.csv,VAR,  0,   0.93,   0.19,   0.11,   2.73,   1.57,   2.28,   0.73
X0641,4479121685351502208,  7.1891155,  7.6408639,  6.3302689,  1.3105950,NOT_AVAILABLE,      0,true, 42, 39,xsl_spectrum_X0641.csv,OK,  0,   1.11,   0.09,   0.06,   1.52,   0.77,   1.07,   0.45
X0646,4203240852063111424,  6.9327946,  7.1525173,  6.5404329,  0.6120844,NOT_AVAILABLE,      0,true, 24, 24,xsl_spectrum_X0646.csv,OK,  0,   1.04,   0.04,   0.05,   1.99,   2.05,   2.84,   1.21
X0648,4273885436158791168,  7.8814774,  7.9890194,  7.6648684,  0.3241510,VARIABLE,      0,true, 25, 23,xsl_spectrum_X0648.csv,VAR,  0,   1.06,   0.05,   0.04,   2.16,   1.99,   2.83,   1.05
X0654,4279979582440702720,  7.8769321,  8.0431376,  7.5699630,  0.4731746,NOT_AVAILABLE,      0,true, 26, 26,xsl_spectrum_X0654.csv,OK,  0,   1.06,   0.04,   0.04,   2.33,   1.30,   1.65,   0.99
X0655,4479434290260290304,  6.8774967,  7.0055313,  6.6118999,  0.3936315,NOT_AVAILABLE,      0,true, 23, 19,xsl_spectrum_X0655.csv,OK,  0,   1.08,   0.06,   0.04,   3.33,   1.63,   2.05,   1.26
X0656,4285211505458307840,  7.9670243,  8.0287752,  7.8321123,  0.1966629,NOT_AVAILABLE,      0,true, 19, 19,xsl_spectrum_X0656.csv,OK,  0,   1.05,   0.05,   0.05,   2.41,   2.19,   3.07,   1.26
X0658,4285866230243966208,  7.5708361,  8.1562443,  6.8400049,  1.3162394,NOT_AVAILABLE,      0,true, 21, 22,xsl_spectrum_X0658.csv,OK,  0,   1.07,   0.05,   0.03,   1.08,   0.48,   0.52,   0.45
X0661,6045465987271055232, 11.8878202, 12.7388468, 10.9527807,  1.7860661,NOT_AVAILABLE,      0,true, 50, 49,xsl_spectrum_X0661.csv,CRO,  0,   1.34,   0.25,   0.02,   9.97,   0.58,   0.39,   0.69
X0663,4258375617747092864,  8.2696028,  9.0283766,  7.4209270,  1.6074495,NOT_AVAILABLE,      0,true, 17, 18,xsl_spectrum_X0663.csv,OK,  0,   1.89,   0.46,   0.04,  22.34,   0.83,   0.94,   0.75
X0664,4253988020990913408,  7.2298474,  7.7568488,  6.5433693,  1.2134795,NOT_AVAILABLE,      0,true, 26, 24,xsl_spectrum_X0664.csv,OK,  0,   1.58,   0.35,   0.04,  10.50,   0.62,   0.71,   0.54
X0667,4254196722022452224,  7.4077215,  8.0966692,  6.6112123,  1.4854569,NOT_AVAILABLE,      0,true, 26, 25,xsl_spectrum_X0667.csv,OK,  0,   1.47,   0.31,   0.04,   4.87,   0.44,   0.48,   0.41
X0668,4209904751452473984,  7.3992648,  7.5686331,  7.0926208,  0.4760122,NOT_AVAILABLE,      0,true, 24, 24,xsl_spectrum_X0668.csv,OK,  0,   1.16,   0.09,   0.07,   6.35,   1.65,   2.28,   1.00
X0669,4189688954569244032,  7.2790952,  7.9810624,  6.4596152,  1.5214472,NOT_AVAILABLE,      0,true, 36, 34,xsl_spectrum_X0669.csv,ChP,  0,   1.41,   0.28,   0.03,  17.21,   1.18,   1.33,   1.07
X0670,6871465473332110464,  8.8087044,  9.3764448,  8.0781002,  1.2983446,NOT_AVAILABLE,      0,true, 28, 28,xsl_spectrum_X0670.csv,BIN,  0,   1.31,   0.22,   0.03,  19.94,   1.77,   2.11,   1.49
X0673,4225764240307248768,  7.6412563,  7.7836647,  7.3687663,  0.4148984,NOT_AVAILABLE,      0,true, 60, 55,xsl_spectrum_X0673.csv,OK,  0,   1.45,   0.29,   0.04,  27.17,   1.93,   2.61,   1.24
X0674,4123849927791444480,  8.2694225,  8.1397572,  7.4717350,  0.6680222,NOT_AVAILABLE,      0,true, 41, 41,xsl_spectrum_X0674.csv,DMS,  0,   1.11,   0.08,   0.11,   4.09,   2.29,   3.28,   1.19
X0676,4518081093181566080,  6.4931989,  6.4660521,  6.4947872, -0.0287352,NOT_AVAILABLE,      0,true, 41, 34,xsl_spectrum_X0676.csv,OK,  0,   1.05,   0.04,   0.06,   2.78,   3.35,   4.96,   1.36
X0677,4474780435475367424,  7.0955901,  7.3256216,  6.7006559,  0.6249657,NOT_AVAILABLE,      0,true, 49, 46,xsl_spectrum_X0677.csv,OK,  0,   1.05,   0.04,   0.04,   2.89,   2.11,   2.85,   1.36
X0678,4283355976484990976,  7.2671542,  7.8865685,  6.5087428,  1.3778257,NOT_AVAILABLE,      0,true, 23, 21,xsl_spectrum_X0678.csv,OK,  0,   1.04,   0.04,   0.03,   1.06,   0.57,   0.56,   0.59
X0679,4290915668695014016,  7.4716110,  7.7191691,  7.0555263,  0.6636429,NOT_AVAILABLE,      0,true, 49, 47,xsl_spectrum_X0679.csv,OK,  0,   1.05,   0.04,   0.04,   2.26,   1.39,   1.73,   1.11
X0680,4283938992538977280,  6.1502900,  6.5594172,  5.5634031,  0.9960141,NOT_AVAILABLE,      0,true, 22, 20,xsl_spectrum_X0680.csv,ESG,  0,   1.05,   0.04,   0.04,   1.41,   0.94,   1.06,   0.84
X0681,1821607608629456512, 14.1983585, 14.8453388, 13.3892813,  1.4560575,NOT_AVAILABLE,      0,true, 49, 46,xsl_spectrum_X0681.csv,OK,  0,   1.02,   0.03,   0.03,   0.77,   0.75,   0.50,   0.89
X0682,6795038076486104320,  9.8162937, 10.0537443,  9.4095621,  0.6441822,NOT_AVAILABLE,      0,true, 40, 39,xsl_spectrum_X0682.csv,OK,  0,   1.04,   0.03,   0.03,   3.94,   2.19,   2.95,   1.45
X0692,4354377620100892416,  8.8945866,  8.7301922,  9.1663923, -0.4362001,NOT_AVAILABLE,      0,true, 58, 57,xsl_spectrum_X0692.csv,planet,  0,   1.12,   0.10,   0.03,  10.06,   2.89,   4.15,   1.46
X0695,4232490506987506432,  7.7193532,  7.7942085,  7.5533485,  0.2408600,NOT_AVAILABLE,      0,true, 42, 40,xsl_spectrum_X0695.csv,OK,  0,   1.15,   0.10,   0.05,   7.01,   2.23,   3.04,   1.40
X0696,4233114892151395712,  7.2948866,  7.5432358,  6.8765516,  0.6666842,NOT_AVAILABLE,      0,true, 44, 42,xsl_spectrum_X0696.csv,OK,  0,   1.29,   0.20,   0.03,  10.82,   1.00,   1.19,   0.85
X0697,4303364682926575744,  8.6473618,  8.9729948,  8.1384706,  0.8345242,NOT_AVAILABLE,      0,true, 38, 38,xsl_spectrum_X0697.csv,OK,  0,   1.35,   0.25,   0.02,  24.75,   1.68,   1.98,   1.44
X0698,6734640322249801728, 15.0110865, 15.7856073, 14.1605701,  1.6250372,NOT_AVAILABLE,      0,true, 21, 21,xsl_spectrum_X0698.csv,OK,  0,   0.83,   0.22,   0.04,   1.90,   0.46,   0.41,   0.50
X0699,6795730493933072128, 13.7121706, 14.2316971, 13.0247107,  1.2069864,NOT_AVAILABLE,      0,true, 53, 52,xsl_spectrum_X0699.csv,ChP,  0,   0.86,   0.19,   0.03,  13.55,   1.86,   2.51,   1.19
X0700,2666364625624238080, 10.0761404, 10.6145201,  9.3756943,  1.2388258,NOT_AVAILABLE,      0,true, 34, 35,xsl_spectrum_X0700.csv,OK,  0,   1.06,   0.06,   0.02,   4.43,   1.01,   0.69,   1.19
X0702,1821608471955735296, 12.3105679, 13.2095671, 11.3812723,  1.8282948,NOT_AVAILABLE,      0,true, 46, 44,xsl_spectrum_X0702.csv,OK,  0,   1.04,   0.04,   0.02,   1.24,   0.58,   0.42,   0.67
X0703,1821608437595882496, 12.8898640, 13.5658779, 12.0737371,  1.4921408,NOT_AVAILABLE,      0,true, 45, 43,xsl_spectrum_X0703.csv,CRO,  0,   1.02,   0.03,   0.03,   0.66,   0.60,   0.56,   0.63
X0705,1821609021711485696, 13.7992191, 14.4693899, 12.9743881,  1.4950018,NOT_AVAILABLE,      0,true, 46, 49,xsl_spectrum_X0705.csv,CRO,  0,   1.00,   0.02,   0.02,   0.57,   0.57,   0.44,   0.65
X0712,1821609223559201792, 12.4254646, 13.2631741, 11.5278931,  1.7352810,NOT_AVAILABLE,      0,true, 44, 45,xsl_spectrum_X0712.csv,CRO,  0,   1.15,   0.13,   0.02,   3.32,   0.46,   0.41,   0.50
X0713,1821609090431005696, 13.1299572, 13.8152008, 12.3204651,  1.4947357,NOT_AVAILABLE,      0,true, 43, 42,xsl_spectrum_X0713.csv,CRO,  0,   3.56,   0.72,   0.03,  46.52,   0.65,   0.44,   0.77
X0714,1821609090431005696, 13.1299572, 13.8152008, 12.3204651,  1.4947357,NOT_AVAILABLE,      0,true, 43, 42,xsl_spectrum_X0714.csv,CRO,  0,   7.61,   0.87,   0.04,  76.34,   0.94,   1.09,   0.82
X0718,1821608639421563136, 12.5219774, 13.3280659, 11.6214819,  1.7065840,NOT_AVAILABLE,      0,true, 38, 46,xsl_spectrum_X0718.csv,CRO,  0,   1.67,   0.40,   0.03,  13.08,   0.63,   0.40,   0.75
X0719,1821608639421563136, 12.5219774, 13.3280659, 11.6214819,  1.7065840,NOT_AVAILABLE,      0,true, 38, 46,xsl_spectrum_X0719.csv,CRO,  0,   2.62,   0.62,   0.03,  28.73,   0.59,   0.40,   0.70
X0720,1821608639421563136, 12.5219774, 13.3280659, 11.6214819,  1.7065840,NOT_AVAILABLE,      0,true, 38, 46,xsl_spectrum_X0720.csv,CRO,  0,   2.22,   0.55,   0.03,  20.45,   0.54,   0.45,   0.59
X0721,6833229746017792128,  9.7980022, 10.3105068,  9.1207781,  1.1897287,NOT_AVAILABLE,      0,true, 33, 34,xsl_spectrum_X0721.csv,OK,  0,   1.89,   0.47,   0.03,  19.36,   0.52,   0.52,   0.52
X0722,6833229746017792128,  9.7980022, 10.3105068,  9.1207781,  1.1897287,NOT_AVAILABLE,      0,true, 33, 34,xsl_spectrum_X0722.csv,OK,  0,   1.44,   0.30,   0.03,   9.74,   0.55,   0.58,   0.53
X0723,6833229746017792128,  9.7980022, 10.3105068,  9.1207781,  1.1897287,NOT_AVAILABLE,      0,true, 33, 34,xsl_spectrum_X0723.csv,OK,  0,   1.31,   0.23,   0.03,   6.99,   0.52,   0.53,   0.52
X0727,2699538613717163136,  7.9202914,  8.0209255,  7.7096586,  0.3112669,NOT_AVAILABLE,      0,true, 58, 55,xsl_spectrum_X0727.csv,OK,  0,   1.10,   0.08,   0.04,   6.51,   1.80,   2.11,   1.56
X0728,2699538613717163136,  7.9202914,  8.0209255,  7.7096586,  0.3112669,NOT_AVAILABLE,      0,true, 58, 55,xsl_spectrum_X0728.csv,OK,  0,   1.15,   0.12,   0.04,  10.06,   1.75,   1.93,   1.62
X0729,2699538613717163136,  7.9202914,  8.0209255,  7.7096586,  0.3112669,NOT_AVAILABLE,      0,true, 58, 55,xsl_spectrum_X0729.csv,OK,  0,   1.15,   0.12,   0.04,  10.69,   1.80,   2.04,   1.63
X0730,1792900051510535296,  8.5981998,  8.6266222,  8.5165749,  0.1100473,NOT_AVAILABLE,      0,true, 25, 26,xsl_spectrum_X0730.csv,OK,  0,   1.16,   0.13,   0.04,   9.00,   1.65,   1.95,   1.41
X0731,1792900051510535296,  8.5981998,  8.6266222,  8.5165749,  0.1100473,NOT_AVAILABLE,      0,true, 25, 26,xsl_spectrum_X0731.csv,OK,  0,   1.05,   0.05,   0.04,   3.01,   1.62,   1.85,   1.45
X0732,1792900051510535296,  8.5981998,  8.6266222,  8.5165749,  0.1100473,NOT_AVAILABLE,      0,true, 25, 26,xsl_spectrum_X0732.csv,OK,  0,   1.32,   0.24,   0.04,  17.22,   1.69,   2.00,   1.45
X0733,5033960575837265920,  7.8200030,  8.3022308,  7.1542478,  1.1479831,NOT_AVAILABLE,      0,true, 69, 71,xsl_spectrum_X0733.csv,ChP,  0,   1.04,   0.03,   0.02,   4.08,   1.89,   2.37,   1.48
X0734,1821608708141030784, 13.0453300, 13.8260975, 12.1814070,  1.6446905,NOT_AVAILABLE,      0,true, 49, 48,xsl_spectrum_X0734.csv,CRO,  0,   1.05,   0.05,   0.02,   1.46,   0.60,   0.40,   0.71
X0735,1821608708141023488, 14.4193010, 15.0437708, 13.6261730,  1.4175978,NOT_AVAILABLE,      0,true, 46, 46,xsl_spectrum_X0735.csv,CRO,  0,   1.02,   0.04,   0.04,   0.86,   0.87,   0.73,   0.96
X0738,6858449008002621312,  9.9519253, 10.5580158,  9.2080965,  1.3499193,NOT_AVAILABLE,      0,true, 46, 47,xsl_spectrum_X0738.csv,C,  0,   1.17,   0.15,   0.09,   1.07,   0.57,   0.75,   0.40
X0741,1821620463505562880, 14.5014410, 15.1507254, 13.7132998,  1.4374256,NOT_AVAILABLE,      0,true, 48, 44,xsl_spectrum_X0741.csv,CRO,  0,   1.00,   0.02,   0.02,   0.54,   0.54,   0.50,   0.56
X0747,2806529032199025536,  6.0371456,  6.1392546,  5.8102493,  0.3290052,VARIABLE,      0,true, 35, 33,xsl_spectrum_X0747.csv,DMS,  0,   1.10,   0.05,   0.08,   3.20,   1.46,   1.90,   1.04
X0748,1821620424811789568, 12.2661905, 13.0744324, 11.3898182,  1.6846142,NOT_AVAILABLE,      0,true, 49, 47,xsl_spectrum_X0748.csv,OK,  0,   1.12,   0.09,   0.04,   1.97,   0.61,   0.72,   0.52
X0750,2686137834717137792,  9.3794785,  9.9447107,  8.6743889,  1.2703218,NOT_AVAILABLE,      0,true, 29, 30,xsl_spectrum_X0750.csv,ChP,  0,   1.10,   0.07,   0.06,   1.12,   0.70,   0.92,   0.50
X0752,2324002513193850752,  8.4644918,  9.0474539,  7.7311478,  1.3163061,NOT_AVAILABLE,      2,true, 30, 29,xsl_spectrum_X0752.csv,BIN,  0,   1.09,   0.06,   0.05,   4.54,   1.90,   2.45,   1.39
X0753,2788908774248323072,  8.5530100,  8.9552765,  7.9728456,  0.9824309,NOT_AVAILABLE,      0,true, 26, 25,xsl_spectrum_X0753.csv,OK,  0,   1.09,   0.07,   0.04,   3.80,   1.33,   1.47,   1.23
X0755,4688993681762966400, 13.5912638, 14.1545668, 12.8735428,  1.2810240,NOT_AVAILABLE,      0,true, 41, 42,xsl_spectrum_X0755.csv,ESG,  0,   1.03,   0.06,   0.04,   1.24,   0.85,   0.87,   0.85
X0757,4688993402542368512, 12.5033045, 12.5961199, 12.3069897,  0.2891302,NOT_AVAILABLE,      0,true, 43, 43,xsl_spectrum_X0757.csv,ESG,  0,   1.05,   0.04,   0.04,   2.76,   1.43,   1.50,   1.37
X0760,5142929531133360768, 15.4120989, 15.8926477, 14.7587080,  1.1339397,NOT_AVAILABLE,      0,true, 58, 56,xsl_spectrum_X0760.csv,ChP,  0,   0.98,   0.03,   0.02,   1.25,   0.80,   0.67,   0.88
X0764,6858449008002621312,  9.9519253, 10.5580158,  9.2080965,  1.3499193,NOT_AVAILABLE,      0,true, 46, 47,xsl_spectrum_X0764.csv,C,  0,   1.00,   0.08,   0.08,   0.53,   0.53,   0.69,   0.37
X0768,5040300909638155520,  8.6883421,  9.1326113,  8.0615387,  1.0710726,NOT_AVAILABLE,      0,true, 46, 44,xsl_spectrum_X0768.csv,OK,  0,   1.02,   0.02,   0.02,   1.57,   1.07,   1.23,   0.94
X0769,5040300909638155520,  8.6883421,  9.1326113,  8.0615387,  1.0710726,NOT_AVAILABLE,      0,true, 46, 44,xsl_spectrum_X0769.csv,OK,  0,   1.02,   0.02,   0.02,   1.56,   1.04,   1.23,   0.90
X0771,3219618436972965248,  7.2066774,  7.1326232,  7.3075795, -0.1749563,NOT_AVAILABLE,      0,true, 60, 54,xsl_spectrum_X0771.csv,OK,  0,   1.01,   0.06,   0.07,   3.50,   3.94,   5.85,   1.53
X0772,3232901636947366656,  8.5498819,  9.0886230,  7.8584890,  1.2301340,NOT_AVAILABLE,      0,true, 43, 45,xsl_spectrum_X0772.csv,OK,  1,   1.01,   0.03,   0.03,   0.44,   0.44,   0.46,   0.43
X0778,5142632388116286336,  8.7790403,  9.1191826,  8.2645674,  0.8546152,NOT_AVAILABLE,      0,true, 69, 65,xsl_spectrum_X0778.csv,OK,  0,   1.04,   0.03,   0.03,   1.76,   1.04,   1.20,   0.92
X0793,102082477749475200,  6.9793406,  7.2244821,  6.5536661,  0.6708159,NOT_AVAILABLE,      0,true, 21, 20,xsl_spectrum_X0793.csv,DMS,  0,   1.00,   0.04,   0.03,   1.40,   1.15,   1.46,   0.88
X0794,64929391436043264,  8.0943260,  8.1842346,  7.9111433,  0.2730913,NOT_AVAILABLE,      0,true, 41, 38,xsl_spectrum_X0794.csv,OK,  0,   1.04,   0.05,   0.06,   1.67,   1.67,   2.08,   1.32
X0796,3179824465465177984,  6.1535773,  6.3823910,  5.7584658,  0.6239252,NOT_AVAILABLE,      0,true, 59, 54,xsl_spectrum_X0796.csv,OK,  0,   2.91,   0.65,   0.04,  69.95,   1.50,   1.90,   1.15
X0797,4657660795812170368, 12.1273355, 13.1103601, 11.1821489,  1.9282112,VARIABLE,      0,true, 34, 34,xsl_spectrum_X0797.csv,RSG,  0,   2.38,   0.59,   0.05,  10.59,   0.61,   0.67,   0.56
X0809,4657766245829931136, 15.8515100, 16.9371929, 14.7290134,  2.2081795,VARIABLE,      0,true, 34, 35,xsl_spectrum_X0809.csv,VAR,  0,   1.08,   0.23,   0.23,   0.87,   0.86,   0.84,   0.87
X0816,3219964886216144640,  6.9903030,  7.1758151,  6.6410213,  0.5347939,NOT_AVAILABLE,      0,true, 63, 61,xsl_spectrum_X0816.csv,DMS,  0,   1.04,   0.03,   0.03,   2.81,   2.30,   3.16,   1.40
X0817,3219618436972965248,  7.2066774,  7.1326232,  7.3075795, -0.1749563,NOT_AVAILABLE,      0,true, 60, 54,xsl_spectrum_X0817.csv,OK,  0,   1.04,   0.04,   0.06,   3.05,   3.69,   5.40,   1.64
X0821,4657140039643647360, 15.5775690, 16.7243996, 14.5625734,  2.1618261,VARIABLE,      0,true, 38, 38,xsl_spectrum_X0821.csv,VAR,  0,   0.55,   0.98,   0.15,   2.52,   0.76,   1.05,   0.44
X0824,4657379389531307008, 11.2536163, 11.8315973, 10.5307713,  1.3008261,NOT_AVAILABLE,      0,true, 36, 38,xsl_spectrum_X0824.csv,OK,  0,   1.04,   0.04,   0.02,   0.71,   0.42,   0.36,   0.46
X0826,3325908775789740160,  7.3223090,  8.0217381,  6.5138249,  1.5079131,NOT_AVAILABLE,      0,true, 22, 21,xsl_spectrum_X0826.csv,OK,  0,   1.02,   0.03,   0.03,   0.52,   0.51,   0.52,   0.50
X0827,4809142471233678208,  7.9266968,  8.5996780,  7.1302485,  1.4694295,NOT_AVAILABLE,      0,true, 39, 40,xsl_spectrum_X0827.csv,ChP,  0,   1.02,   0.03,   0.03,   1.59,   1.42,   1.76,   1.13
X0829,2927005918574498304,  7.0896301,  7.6938996,  6.3496337,  1.3442659,NOT_AVAILABLE,      0,true, 88, 80,xsl_spectrum_X0829.csv,OK,  0,   1.03,   0.03,   0.03,   0.49,   0.43,   0.46,   0.41
X0831,3320296249963637504,  7.8237915,  7.9813156,  7.5263247,  0.4549909,NOT_AVAILABLE,      0,true, 48, 48,xsl_spectrum_X0831.csv,OK,  0,   1.03,   0.05,   0.05,   2.25,   2.52,   3.59,   1.32
X0832,3218445979621236992,  7.4899764,  7.8002706,  7.0092845,  0.7909861,NOT_AVAILABLE,      0,true, 29, 27,xsl_spectrum_X0832.csv,OK,  0,   1.03,   0.03,   0.03,   0.87,   0.72,   0.75,   0.71
X0834,3318989239876899328,  7.7178378,  7.7543182,  7.6147661,  0.1395521,NOT_AVAILABLE,      0,true, 28, 27,xsl_spectrum_X0834.csv,OK,  0,   0.98,   0.06,   0.05,   2.69,   2.25,   3.22,   1.15
X0840,3143033088413584256,  7.0398836,  7.5898333,  6.3416190,  1.2482142,NOT_AVAILABLE,      0,true, 21, 18,xsl_spectrum_X0840.csv,OK,  0,   0.97,   0.06,   0.03,   0.84,   0.44,   0.47,   0.43
X0841,3034578464047878272,  8.9269733,  9.4942884,  8.2103815,  1.2839069,NOT_AVAILABLE,      3,true, 50, 50,xsl_spectrum_X0841.csv,BIN,  0,   0.96,   0.06,   0.03,   1.14,   0.46,   0.47,   0.46
X0843,3085071164726715648,  8.9987478,  9.4355726,  8.3839417,  1.0516310,NOT_AVAILABLE,      0,true, 48, 48,xsl_spectrum_X0843.csv,OK,  0,   1.03,   0.03,   0.02,   1.38,   0.95,   0.88,   1.00
X0846,3169175179954291968,  8.7919350,  9.0645647,  8.3438540,  0.7207108,NOT_AVAILABLE,      0,true, 22, 21,xsl_spectrum_X0846.csv,OK,  1,   1.01,   0.02,   0.02,   1.11,   1.14,   1.21,   1.09
X0847,3144388305214624896,  7.9627194,  8.0627995,  7.7572441,  0.3055553,VARIABLE,      0,true, 49, 46,xsl_spectrum_X0847.csv,VAR,  0,   1.02,   0.03,   0.04,   1.49,   1.68,   2.19,   1.22
X0851,3114203545639392000,  7.5333266,  7.9686131,  6.9274654,  1.0411477,NOT_AVAILABLE,      0,true, 20, 22,xsl_spectrum_X0851.csv,OK,  0,   0.96,   0.06,   0.03,   1.11,   0.52,   0.54,   0.51
X0853,3085071164726715648,  8.9987478,  9.4355726,  8.3839417,  1.0516310,NOT_AVAILABLE,      0,true, 48, 48,xsl_spectrum_X0853.csv,OK,  0,   0.97,   0.05,   0.02,   2.47,   0.93,   0.80,   1.01
X0854,3430863585931719680,  6.9106832,  7.4830999,  6.1830754,  1.3000245,NOT_AVAILABLE,      0,true, 37, 35,xsl_spectrum_X0854.csv,ESG,  0,   0.94,   0.08,   0.03,   1.76,   0.61,   0.59,   0.62
X0855,3137401591716802432,  7.6115556,  8.0478792,  7.0003228,  1.0475564,NOT_AVAILABLE,      0,true, 51, 48,xsl_spectrum_X0855.csv,DMS,  0,   0.89,   0.15,   0.03,   2.78,   0.64,   0.67,   0.62
X0856,595977294151338624,  7.0915589,  7.1822829,  6.9003119,  0.2819710,VARIABLE,      0,true, 36, 36,xsl_spectrum_X0856.csv,OK,  0,   1.37,   0.31,   0.08,  20.86,   3.06,   4.01,   2.17
X0857,595977294151338624,  7.0915589,  7.1822829,  6.9003119,  0.2819710,VARIABLE,      0,true, 36, 36,xsl_spectrum_X0857.csv,OK,  0,   1.00,   0.04,   0.04,   1.73,   1.56,   1.53,   1.60
X0858,3092651163524103424,  7.6422462,  8.1500397,  6.9765162,  1.1735234,NOT_AVAILABLE,      0,true, 28, 26,xsl_spectrum_X0858.csv,OK,  0,   1.05,   0.05,   0.03,   0.88,   0.47,   0.46,   0.48
X0859,604911375882674560,  9.2582140,  9.9658394,  8.4472313,  1.5186081,NOT_AVAILABLE,      0,true, 40, 38,xsl_spectrum_X0859.csv,planet,  0,   1.07,   0.07,   0.03,   1.13,   0.46,   0.41,   0.50
X0861,5525081496202448000,  7.1997771,  7.8691893,  6.4093089,  1.4598804,NOT_AVAILABLE,      0,true, 41, 41,xsl_spectrum_X0861.csv,OK,  0,   1.08,   0.07,   0.05,   1.07,   0.68,   0.76,   0.61
X0863,5709390701922940416,  9.5340862,  9.7660685,  9.1305809,  0.6354876,NOT_AVAILABLE,      0,true, 63, 65,xsl_spectrum_X0863.csv,OK,  0,   0.98,   0.03,   0.02,   3.86,   1.98,   2.50,   1.52
X0866,5660878702718068864,  8.9863615,  9.6298189,  8.2084532,  1.4213657,NOT_AVAILABLE,      0,true, 30, 30,xsl_spectrum_X0866.csv,ChP,  0,   0.98,   0.04,   0.03,   2.44,   1.41,   1.57,   1.29
X0867,615943806835727872,  8.2067213,  8.4229174,  7.8167276,  0.6061897,NOT_AVAILABLE,      0,true, 26, 26,xsl_spectrum_X0867.csv,ChP,  0,   0.99,   0.03,   0.02,   2.22,   1.62,   2.13,   1.12
X0868,866863321051682176, 10.6544218, 10.8775873, 10.2674866,  0.6101007,NOT_AVAILABLE,      0,true, 23, 23,xsl_spectrum_X0868.csv,OK,  0,   0.99,   0.02,   0.02,   2.27,   1.44,   1.69,   1.24
X0870,690419295663797760,  9.2307215,  9.3960390,  8.9209652,  0.4750738,NOT_AVAILABLE,      0,true, 77, 76,xsl_spectrum_X0870.csv,ChP,  0,   1.25,   0.19,   0.03,  20.89,   1.48,   1.84,   1.17
X0871,661324431287688448,  6.1524668,  6.6201291,  5.5202708,  1.0998583,NOT_AVAILABLE,      0,true, 32, 30,xsl_spectrum_X0871.csv,OK,  0,   2.27,   0.56,   0.03,  19.59,   0.51,   0.46,   0.54
X0872,588856788129452160, 11.0153074, 11.2365761, 10.6280012,  0.6085749,NOT_AVAILABLE,      0,true, 59, 59,xsl_spectrum_X0872.csv,ChP,  0,   1.16,   0.16,   0.04,  12.86,   2.65,   3.96,   1.00
X0873,581201571564630784,  7.7863955,  8.1410837,  7.1988688,  0.9422150,NOT_AVAILABLE,      2,true, 49, 40,xsl_spectrum_X0873.csv,OK,  0,   1.07,   0.08,   0.04,   1.98,   0.78,   0.88,   0.71
X0874,608373012147745920,  8.6919088,  8.7068205,  8.6301823,  0.0766382,NOT_AVAILABLE,      0,true, 47, 46,xsl_spectrum_X0874.csv,OK,  0,   1.12,   0.12,   0.05,   9.58,   2.51,   3.35,   1.68
X0875,685042030968334592,  7.4853220,  7.8100677,  6.9888897,  0.8211780,NOT_AVAILABLE,      0,true, 36, 37,xsl_spectrum_X0875.csv,OK,  0,   1.17,   0.17,   0.04,   4.96,   0.71,   0.69,   0.72
X0877,685042030968334592,  7.4853220,  7.8100677,  6.9888897,  0.8211780,NOT_AVAILABLE,      0,true, 36, 37,xsl_spectrum_X0877.csv,OK,  0,   0.99,   0.03,   0.03,   0.94,   0.60,   0.58,   0.62
X0878,646645946761688704,  7.5878162,  8.3202734,  6.7545395,  1.5657339,NOT_AVAILABLE,      0,true, 47, 44,xsl_spectrum_X0878.csv,OK,  0,   1.03,   0.04,   0.03,   0.81,   0.59,   0.55,   0.62
X0880,3890172886119687680,  8.1287823,  8.9250402,  7.2591348,  1.6659055,NOT_AVAILABLE,      0,true, 21, 21,xsl_spectrum_X0880.csv,OK,  1,   1.01,   0.03,   0.03,   0.59,   0.59,   0.58,   0.59
X0881,3989999608389935360,  8.4964724,  8.8747635,  7.9342647,  0.9404988,NOT_AVAILABLE,      0,true, 34, 34,xsl_spectrum_X0881.csv,OK,  0,   1.15,   0.12,   0.02,   8.18,   1.04,   0.99,   1.09
X0882,731253779217024640, 10.1017380, 10.3872423,  9.6383467,  0.7488956,NOT_AVAILABLE,      0,true, 24, 24,xsl_spectrum_X0882.csv,OK,  0,   1.04,   0.04,   0.01,   3.26,   1.03,   1.14,   0.94
X0883,735507548802653056, 10.0233440, 10.6351309,  9.2772455,  1.3578854,NOT_AVAILABLE,      0,true, 26, 26,xsl_spectrum_X0883.csv,BIN,  0,   0.99,   0.04,   0.03,   1.02,   0.78,   0.82,   0.76
X0884,3896561220475435520, 12.1036634, 12.6818466, 11.3763247,  1.3055220,NOT_AVAILABLE,      0,true, 31, 29,xsl_spectrum_X0884.csv,OK,  0,   1.02,   0.03,   0.02,   1.77,   1.20,   0.84,   1.41
X0885,3871997546595984000,  8.7598248,  8.8028727,  8.6421576,  0.1607151,NOT_AVAILABLE,      0,true, 22, 22,xsl_spectrum_X0885.csv,OK,  0,   1.02,   0.04,   0.04,   1.70,   1.99,   2.54,   1.49
X0886,3546664150566178560,  9.4077835,  9.8550739,  8.7868900,  1.0681839,NOT_AVAILABLE,      0,true, 47, 46,xsl_spectrum_X0886.csv,DMS?,  0,   1.04,   0.04,   0.02,   1.23,   0.54,   0.46,   0.59
X0891,3520548825260557312,  9.1155682,  9.6540279,  8.4191456,  1.2348824,NOT_AVAILABLE,      0,true, 46, 46,xsl_spectrum_X0891.csv,OK,  0,   0.84,   0.21,   0.03,   9.62,   0.80,   0.77,   0.82
X0897,3710786979933623424,  7.8741007,  8.5343790,  7.0861635,  1.4482155,NOT_AVAILABLE,      2,true, 63, 61,xsl_spectrum_X0897.csv,BIN,  0,   0.89,   0.13,   0.02,   9.47,   1.18,   1.23,   1.16
X0899,3501202540212450432,  9.1341619,  9.3349361,  8.7786169,  0.5563192,NOT_AVAILABLE,      2,true, 50, 50,xsl_spectrum_X0899.csv,OK,  0,   0.99,   0.05,   0.04,   2.76,   1.69,   2.08,   1.37
X0900,3702094687679734272,  8.9807882,  9.3164425,  8.4616003,  0.8548422,NOT_AVAILABLE,      0,true, 41, 41,xsl_spectrum_X0900.csv,OK,  0,   1.03,   0.03,   0.03,   2.01,   1.10,   1.01,   1.17
X0901,3702148666829533952,  7.9491878,  8.3027821,  7.4167275,  0.8860545,NOT_AVAILABLE,      0,true, 45, 42,xsl_spectrum_X0901.csv,OK,  0,   1.01,   0.03,   0.03,   0.90,   0.90,   0.82,   0.97
X0902,3703673070982634624, 10.1285257, 10.6883535,  9.4236374,  1.2647161,NOT_AVAILABLE,      0,true, 78, 77,xsl_spectrum_X0902.csv,OK,  0,   1.01,   0.02,   0.02,   0.76,   0.72,   0.47,   0.86
X0904,3525736595998110464,  7.7326541,  8.1639194,  7.1163588,  1.0475607,NOT_AVAILABLE,      0,true, 39, 41,xsl_spectrum_X0904.csv,OK,  0,   1.02,   0.02,   0.02,   1.19,   1.11,   1.31,   0.95
